{"triangles": [1, 0, 2, 2, 1, 3, 2, 0, 3], "vertices": [{"pos": [0.0234375, -0.11388888888888893], "texPos": [0.51171875, 0.44305555555555554]}, {"pos": [0.15156250000000004, -0.10555555555555562], "texPos": [0.57578125, 0.44722222222222224]}, {"pos": [0.15156250000000004, 0.05277777777777781], "texPos": [0.57578125, 0.5263888888888889]}, {"pos": [0.0234375, 0.06388888888888888], "texPos": [0.51171875, 0.5319444444444444]}]}