{
    "triangles": [
        0,
        1,
        3,
        0,
        3,
        2
    ],
    "vertices": [
        {
            "pos": [
                0.02968750000000009,
                -0.1499999999999999
            ],
            "texPos": [
                0.51484375,
                0.425
            ]
        },
        {
            "pos": [
                0.12968749999999996,
                -0.13611111111111107
            ],
            "texPos": [
                0.56484375,
                0.43194444444444446
            ]
        },
        {
            "pos": [
                0.04062499999999991,
                0.05277777777777781
            ],
            "texPos": [
                0.5203125,
                0.5263888888888889
            ]
        },
        {
            "pos": [
                0.13749999999999996,
                0.06666666666666665
            ],
            "texPos": [
                0.56875,
                0.5333333333333333
            ]
        }
    ]
}