{
    "triangles": [
        0,
        1,
        3,
        0,
        3,
        2
    ],
    "vertices": [
        {
            "pos": [
                0.09062499999999996,
                -0.18888888888888888
            ],
            "texPos": [
                0.5453125,
                0.40555555555555556
            ]
        },
        {
            "pos": [
                0.21406250000000004,
                -0.18888888888888888
            ],
            "texPos": [
                0.60703125,
                0.40555555555555556
            ]
        },
        {
            "pos": [
                0.09531249999999991,
                0.06944444444444442
            ],
            "texPos": [
                0.54765625,
                0.5347222222222222
            ]
        },
        {
            "pos": [
                0.2328125000000001,
                0.07222222222222219
            ],
            "texPos": [
                0.61640625,
                0.5361111111111111
            ]
        }
    ]
}