{"triangles": [1, 2, 3, 0, 1, 3, 0, 2, 3], "vertices": [{"pos": [-0.04843750000000002, -0.1611111111111112], "texPos": [0.47578125, 0.41944444444444445]}, {"pos": [0.051562499999999956, -0.1499999999999999], "texPos": [0.52578125, 0.425]}, {"pos": [-0.0546875, -0.3111111111111111], "texPos": [0.47265625, 0.34444444444444444]}, {"pos": [0.057812500000000044, -0.3111111111111111], "texPos": [0.52890625, 0.34444444444444444]}]}