{
    "triangles": [
        0,1,3,
        0,3,2
    ],
    "vertices": [
        {
            "pos": [
                -0.1328125, -0.1416666666666666
            ],
            "texPos": [
                0.43359375, 0.42916666666666664
            ]
        },
        {
            "pos": [
                -0.050000000000000044, -0.14722222222222214
            ],
            "texPos": [
                0.475, 0.4263888888888889
            ]
        },
        {
            "pos": [
                -0.14375000000000004,
                0.0805555555555556
            ],
            "texPos": [
                0.428125,
                0.5402777777777777
            ]
        },
        {
            "pos": [
                -0.046875,
                0.05277777777777781
            ],
            "texPos": [
                0.4765625,
                0.5263888888888889
            ]
        }
    ]
}