{"triangles": [0, 1, 2, 0, 1, 3, 0, 2, 3, 2, 1, 3], "vertices": [{"pos": [-0.23124999999999996, -0.19444444444444442], "texPos": [0.384375, 0.4027777777777778]}, {"pos": [-0.09999999999999998, -0.18055555555555558], "texPos": [0.45, 0.4097222222222222]}, {"pos": [-0.24062499999999998, 0.07499999999999996], "texPos": [0.3796875, 0.5375]}, {"pos": [-0.1328125, 0.0805555555555556], "texPos": [0.43359375, 0.5402777777777777]}]}