{
    "triangles": [
        0,
        1,
        3,
        0,
        3,
        2
    ],
    "vertices": [
        {
            "pos": [
                -0.23124999999999996,
                -0.17222222222222228
            ],
            "texPos": [
                0.384375,
                0.41388888888888886
            ]
        },
        {
            "pos": [
                -0.12031250000000004,
                -0.17222222222222228
            ],
            "texPos": [
                0.43984375,
                0.41388888888888886
            ]
        },
        {
            "pos": [
                -0.2421875,
                0.06944444444444442
            ],
            "texPos": [
                0.37890625,
                0.5347222222222222
            ]
        },
        {
            "pos": [
                -0.12031250000000004,
                0.09166666666666667
            ],
            "texPos": [
                0.43984375,
                0.5458333333333333
            ]
        }
    ]
}